/en/sc/repertoire/studies/overview.shtml,/securitycouncil/content/agenda-items-overview
/en/sc/repertoire/studies/overview.shtml,/securitycouncil/content/agenda-items-overview
/en/sc/repertoire/studies/africa.shtml,/securitycouncil/content/africa
/en/sc/repertoire/studies/americas.shtml,/securitycouncil/content/americas
/en/sc/repertoire/studies/asia.shtml,/securitycouncil/content/asia
/en/sc/repertoire/studies/europe.shtml,/securitycouncil/content/europe
/en/sc/repertoire/studies/middle_east.shtml,/securitycouncil/content/middle-east
/en/sc/repertoire/studies/general_studies.shtml,/securitycouncil/content/thematic-items
/en/sc/repertoire/procedural_issues.shtml,/securitycouncil/content/procedural-issues
/en/sc/repertoire/procedural_issues.shtml,/securitycouncil/content/procedural-issues
/en/sc/repertoire/rules/overview.shtml,/securitycouncil/content/provisional-rules-procedure
/en/sc/repertoire/admission.shtml,/securitycouncil/content/membership-united-nations
/en/sc/repertoire/relations_organs.shtml,/securitycouncil/content/relations-other-un-organs
/en/sc/repertoire/constitutional_issues.shtml,/securitycouncil/content/constitutional-issues
/en/sc/repertoire/constitutional_issues.shtml,/securitycouncil/content/constitutional-issues
/en/sc/repertoire/principles.shtml,/securitycouncil/content/purposes-and-principles-un-chapter-i-un-charter
/en/sc/repertoire/functions_and_powers.shtml,/securitycouncil/content/functions-and-powers-security-council-chapter-v-un-charter
/en/sc/repertoire/settlements.shtml,/securitycouncil/content/pacific-settlement-disputes-chapter-vi-un-charter
/en/sc/repertoire/actions.shtml,/securitycouncil/content/actions
/en/sc/repertoire/regional_arrangements.shtml,/securitycouncil/content/regional-arrangements-chapter-viii-un-charter
/en/sc/repertoire/other_chapters.shtml,/securitycouncil/content/other-chapters-charter
/en/sc/repertoire/subsidiary_organs/overview.shtml,/securitycouncil/content/subsidiary-organs-overview
/en/sc/repertoire/subsidiary_organs/overview.shtml,/securitycouncil/content/subsidiary-organs-overview
/en/sc/repertoire/subsidiary_organs/commissions_and_investigations.shtml,/securitycouncil/content/commissions-and-investigative-bodies
/en/sc/repertoire/subsidiary_organs/sanctions_and_other_committees.shtml,/securitycouncil/content/sanctions-and-other-committees
/en/sc/repertoire/subsidiary_organs/committees_standing_and_adhoc.shtml,/securitycouncil/content/standing-and-ad-hoc-committees
/en/sc/repertoire/subsidiary_organs/groups_and_panels.shtml,/securitycouncil/content/groups-and-panels
/en/sc/repertoire/subsidiary_organs/international_tribunals.shtml,/securitycouncil/content/international-tribunals
/en/sc/repertoire/subsidiary_organs/missions.shtml,/securitycouncil/content/missions-security-council-and-secretary-general
/en/sc/repertoire/subsidiary_organs/peace_commission.shtml,/securitycouncil/content/peacebuilding-commission
/en/sc/repertoire/subsidiary_organs/peacekeeping_missions.shtml,/securitycouncil/content/peacekeeping-missions
/en/sc/repertoire/subsidiary_organs/special_political_complete.shtml,/securitycouncil/content/political-missions-and-offices
/en/sc/repertoire/subsidiary_organs/representatives.shtml,/securitycouncil/content/representatives-mediators-coordinators-and-good-offices
/en/sc/repertoire/subsidiary_organs/working_groups.shtml,/securitycouncil/content/working-groups
/en/sc/repertoire/subsidiary_organs/proposed_organs.shtml,/securitycouncil/content/subsidiary-organs-proposed-not-established
/en/sc/repertoire/subsidiary_organs/other_info.shtml,/securitycouncil/content/other-material-subsidiary-organs
/en/sc/repertoire/data.shtml,/securitycouncil/content/research-tools
/en/sc/repertoire/data.shtml,/securitycouncil/content/research-tools
http://www.un.org/en/sc/repertoire/data.shtml#rel-2,/securitycouncil/content/research-tools#rel-2
http://www.un.org/en/sc/repertoire/data.shtml#rel-3,/securitycouncil/content/research-tools#rel-3
http://www.un.org/en/sc/repertoire/data.shtml#keydocs,/securitycouncil/content/research-tools#keydocs
http://www.un.org/en/sc/repertoire/data.shtml#rel1,/securitycouncil/content/research-tools#rel1
http://www.un.org/en/sc/repertoire/data.shtml#rel7,/securitycouncil/content/research-tools#rel7